000001.sh	上证综合指数
000002.sh	上证A股指数
000003.sh	上证B股指数
000004.sh	上证工业股指数
000005.sh	上证商业股指数
000006.sh	上证地产股指数
000007.sh	上证公用事业股指数
000008.sh	上证综合股指数
000010.sh	上证180指数
000011.sh	上证基金指数
000012.sh	上证国债指数
000013.sh	上证企债指数
000015.sh	红利指数
000016.sh	上证50指数
000017.sh	新综指
000018.sh	180金融
000019.sh	治理指数
000020.sh	中型综指
000021.sh	180治理
000022.sh	沪公司债
000023.sh	沪分离债
000025.sh	180基建
000026.sh	180资源
000027.sh	180运输
000028.sh	180成长
000029.sh	180价值
000030.sh	180R成长
000031.sh	180R价值
000032.sh	上证能源
000033.sh	上证材料
000034.sh	上证工业
000035.sh	上证可选
000036.sh	上证消费
000037.sh	上证医药
000038.sh	上证金融
000039.sh	上证信息
000040.sh	上证电信
000041.sh	上证公用
000042.sh	上证央企
000043.sh	超大盘
000044.sh	上证中盘
000045.sh	上证小盘
000046.sh	上证中小
000047.sh	上证全指
000048.sh	上证社会责任指数
000049.sh	上证民营企业50指数
000054.sh	上证海外上市A股指数
000055.sh	上证地方国有企业50指数
000056.sh	上证国有企业100指数
000057.sh	上证全指成长指数
000058.sh	上证全指价值指数
000059.sh	上证全指相对成长指数
000060.sh	上证全指相对价值指数
000061.sh	上证企债30指数
000062.sh	上证沪企指数
000063.sh	上证周期行业50指数
000064.sh	上证非周期行业100指数
000065.sh	上证龙头企业指数
000300.sh	沪深300
000901.sh	小康指数
000902.sh	中证流通
000903.sh	中证100
000904.sh	中证200
000905.sh	中证500
000906.sh	中证800
000907.sh	中证700
000908.sh	沪深300能源
000909.sh	沪深300材料
000910.sh	沪深300工业
000911.sh	沪深300可选
000912.sh	沪深300消费
000913.sh	沪深300医药
000914.sh	沪深300金融
000915.sh	沪深300信息
000916.sh	沪深300电信
000917.sh	沪深300公用
000918.sh	沪深300成长
000919.sh	沪深300价值
000920.sh	沪深300R成长
000921.sh	沪深300R价值
000922.sh	中证红利
000923.sh	公司债
000924.sh	分离债
000925.sh	基本面50
000926.sh	中证央企
000927.sh	央企100
000928.sh	中证能源
000929.sh	中证材料
000930.sh	中证工业
000931.sh	中证可选
000932.sh	中证消费
000933.sh	中证医药
000934.sh	中证金融
000935.sh	中证信息
000936.sh	中证电信
000937.sh	中证公用
000938.sh	中证民营企业综合指数
000939.sh	中证民营企业200指数
000940.sh	中证财富大盘指数
000941.sh	中证内地新能源主题指数
000942.sh	中证内地消费主题指数
000943.sh	中证内地基建主题指数
000944.sh	中证内地资源主题指数
000945.sh	中证内地运输主题指数
000946.sh	中证内地金融主题指数
000947.sh	中证内地银行主题指数
000948.sh	中证内地地产主题指数
000949.sh	中证内地农业主题指数 
000950.sh	沪深300基建主题指数
000951.sh	沪深300银行指数
000952.sh	沪深300地产指数
000953.sh	中证地方国有企业综合指数
000954.sh	中证地方国有企业100指数
000955.sh	中证国有企业综合指数
000956.sh	中证国有企业200指数
000957.sh	沪深300运输指数
000958.sh	中证创业成长指数
000959.sh	中证银河99指数
000960.sh	中证龙头企业指数
009908.sh	
010004.sh	
010107.sh	
010110.sh	
010112.sh	
010203.sh	
010210.sh	
010213.sh	
010215.sh	
010301.sh	
010303.sh	
010307.sh	
010308.sh	
010311.sh	
010404.sh	
010407.sh	
010408.sh	
010410.sh	
010501.sh	
010503.sh	
010504.sh	
010505.sh	
010509.sh	
010511.sh	
010512.sh	
010513.sh	
010601.sh	
010603.sh	
010605.sh	
010606.sh	
010609.sh	
010610.sh	
010612.sh	
010613.sh	
010616.sh	
010617.sh	
010618.sh	
010619.sh	
010620.sh	
010701.sh	
010703.sh	
010704.sh	
010705.sh	
010706.sh	
010707.sh	
010710.sh	
010713.sh	
090004.sh	
090107.sh	
090110.sh	
090112.sh	
090203.sh	
090210.sh	
090213.sh	
090215.sh	
090301.sh	
090303.sh	
090307.sh	
090308.sh	
090311.sh	
090404.sh	
090407.sh	
090408.sh	
090410.sh	
090501.sh	
090503.sh	
090504.sh	
090505.sh	
090509.sh	
090511.sh	
090512.sh	
090513.sh	
090601.sh	
090603.sh	
090605.sh	
090606.sh	
090609.sh	
090610.sh	
090612.sh	
090613.sh	
090616.sh	
090617.sh	
090618.sh	
090619.sh	
090620.sh	
090701.sh	
090703.sh	
090704.sh	
090705.sh	
090706.sh	
090707.sh	
090710.sh	
090713.sh	
099908.sh	
110002.sh	
110003.sh	
110010.sh	
110036.sh	
110078.sh	
110567.sh	
110598.sh	
110971.sh	
120101.sh	
120102.sh	
120201.sh	
120203.sh	
120204.sh	
120205.sh	
120207.sh	
120288.sh	
120301.sh	
120302.sh	
120303.sh	
120304.sh	
120305.sh	
120306.sh	
120307.sh	
120308.sh	
120309.sh	
120310.sh	
120311.sh	
120482.sh	
120483.sh	
120485.sh	
120486.sh	
120488.sh	
120489.sh	
120490.sh	
120501.sh	
120502.sh	
120503.sh	
120505.sh	
120506.sh	
120508.sh	
120509.sh	
120510.sh	
120511.sh	
120512.sh	
120516.sh	
120517.sh	
120518.sh	
120519.sh	
120520.sh	
120521.sh	
120522.sh	
120523.sh	
120525.sh	
120527.sh	
120528.sh	
120529.sh	
120601.sh	
120602.sh	
120603.sh	
120604.sh	
120605.sh	
120606.sh	
120607.sh	
120608.sh	
120609.sh	
120610.sh	
120701.sh	
120702.sh	
121018.sh	
121019.sh	
121020.sh	
122000.sh	
122001.sh	
122002.sh	
122003.sh	
122004.sh	
122005.sh	
122006.sh	
122007.sh	
122008.sh	
122009.sh	
122010.sh	
122011.sh	
122012.sh	
122013.sh	
122949.sh	
122951.sh	
122952.sh	
122954.sh	
122956.sh	
122957.sh	
122958.sh	
122959.sh	
122960.sh	
122961.sh	
122962.sh	
122963.sh	
122964.sh	
122965.sh	
122966.sh	
122967.sh	
122968.sh	
122969.sh	
122970.sh	
122971.sh	
122972.sh	
122973.sh	
122974.sh	
122975.sh	
122976.sh	
122977.sh	
122978.sh	
122979.sh	
122980.sh	
122981.sh	
122982.sh	
122983.sh	
122984.sh	
122985.sh	
122986.sh	
122987.sh	
122988.sh	
122989.sh	
122990.sh	
122991.sh	
122992.sh	
122993.sh	
122994.sh	
122995.sh	
122996.sh	
122997.sh	
122998.sh	
122999.sh	
126001.sh	
126002.sh	
126003.sh	
126005.sh	
126006.sh	
126007.sh	
126008.sh	
126009.sh	
126010.sh	
126011.sh	
126012.sh	
126013.sh	
126014.sh	
126015.sh	
126016.sh	
126017.sh	
126018.sh	
129902.sh	
129903.sh	
130000.sh	
190010.sh	
190036.sh	
190078.sh	
201000.sh	
201001.sh	
201002.sh	
201003.sh	
201004.sh	
201005.sh	
201008.sh	
201009.sh	
201010.sh	
202001.sh	
202003.sh	
202007.sh	
203001.sh	
203002.sh	
203003.sh	
203007.sh	
203008.sh	
203009.sh	
203013.sh	
203014.sh	
203015.sh	
203016.sh	
203017.sh	
203018.sh	
203019.sh	
203020.sh	
203021.sh	
203031.sh	
203032.sh	
203033.sh	
203037.sh	
203038.sh	
203039.sh	
203040.sh	
203041.sh	
203042.sh	
203043.sh	
203044.sh	
203045.sh	
203049.sh	
203050.sh	
203051.sh	
203052.sh	
203053.sh	
203054.sh	
204001.sh	
204002.sh	
204003.sh	
204004.sh	
204007.sh	
204014.sh	
204028.sh	
204091.sh	
204182.sh	
500001.sh	
500002.sh	
500003.sh	
500005.sh	
500006.sh	
500008.sh	
500009.sh	
500011.sh	
500015.sh	
500018.sh	
500038.sh	
500056.sh	
500058.sh	
510050.sh	
510051.sh	
510052.sh	
510180.sh	
510181.sh	
510182.sh	
510880.sh	
510881.sh	
510882.sh	
519001.sh	
519003.sh	
519005.sh	
519007.sh	
519008.sh	
519011.sh	
519013.sh	
519015.sh	
519017.sh	
519018.sh	
519019.sh	
519021.sh	
519023.sh	
519025.sh	
519028.sh	
519029.sh	
519035.sh	
519039.sh	
519066.sh	
519068.sh	
519069.sh	
519078.sh	
519087.sh	
519089.sh	
519100.sh	
519110.sh	
519111.sh	
519113.sh	
519180.sh	
519181.sh	
519183.sh	
519185.sh	
519186.sh	
519300.sh	
519508.sh	
519518.sh	
519519.sh	
519666.sh	
519668.sh	
519670.sh	
519680.sh	
519688.sh	
519690.sh	
519692.sh	
519698.sh	
519987.sh	
519989.sh	
519991.sh	
519993.sh	
519995.sh	
519997.sh	
521186.sh	
521987.sh	
522001.sh	
522003.sh	
522005.sh	
522007.sh	
522008.sh	
522011.sh	
522013.sh	
522015.sh	
522017.sh	
522018.sh	
522021.sh	
522028.sh	
522029.sh	
522035.sh	
522068.sh	
522087.sh	
522100.sh	
522180.sh	
522181.sh	
522300.sh	
522508.sh	
522518.sh	
522519.sh	
522666.sh	
522688.sh	
522690.sh	
522692.sh	
522993.sh	
522995.sh	
522997.sh	
523001.sh	
523003.sh	
523005.sh	
523007.sh	
523008.sh	
523011.sh	
523013.sh	
523015.sh	
523017.sh	
523018.sh	
523021.sh	
523028.sh	
523029.sh	
523035.sh	
523068.sh	
523087.sh	
523100.sh	
523180.sh	
523181.sh	
523300.sh	
523519.sh	
523666.sh	
523688.sh	
523690.sh	
523692.sh	
523993.sh	
523995.sh	
523997.sh	
580014.sh	深高CWB1
580016.sh	上汽CWB1
580017.sh	赣粤CWB1
580018.sh	中远CWB1
580019.sh	石化CWB1
580021.sh	青啤CWB1
580022.sh	国电CWB1
580024.sh	宝钢CWB1
580025.sh	葛洲CWB1
580026.sh	江铜CWB1
600000.sh	浦发银行
600001.sh	邯郸钢铁
600003.sh	ST东北高
600004.sh	白云机场
600005.sh	武钢股份
600006.sh	东风汽车
600007.sh	中国国贸
600008.sh	首创股份
600009.sh	上海机场
600010.sh	包钢股份
600011.sh	华能国际
600012.sh	皖通高速
600015.sh	华夏银行
600016.sh	民生银行
600017.sh	日照港
600018.sh	上港集团
600019.sh	宝钢股份
600020.sh	中原高速
600021.sh	上海电力
600022.sh	济南钢铁
600026.sh	中海发展
600027.sh	华电国际
600028.sh	中国石化
600029.sh	南方航空
600030.sh	中信证券
600031.sh	三一重工
600033.sh	福建高速
600035.sh	楚天高速
600036.sh	招商银行
600037.sh	歌华有线
600038.sh	哈飞股份
600039.sh	四川路桥
600048.sh	保利地产
600050.sh	中国联通
600051.sh	宁波联合
600052.sh	浙江广厦
600053.sh	中江地产
600054.sh	黄山旅游
600055.sh	万东医疗
600056.sh	中国医药
600057.sh	*ST夏新
600058.sh	五矿发展
600059.sh	古越龙山
600060.sh	海信电器
600061.sh	中纺投资
600062.sh	双鹤药业
600063.sh	皖维高新
600064.sh	南京高科
600066.sh	宇通客车
600067.sh	冠城大通
600068.sh	葛洲坝
600069.sh	银鸽投资
600070.sh	浙江富润
600071.sh	凤凰光学
600072.sh	中船股份
600073.sh	上海梅林
600074.sh	中达股份
600075.sh	新疆天业
600076.sh	*ST华光
600077.sh	百科集团
600078.sh	澄星股份
600079.sh	人福科技
600080.sh	ST金花
600081.sh	东风科技
600082.sh	海泰发展
600083.sh	ST博信
600084.sh	ST中葡
600085.sh	同仁堂
600086.sh	东方金钰
600087.sh	长航油运
600088.sh	中视传媒
600089.sh	特变电工
600090.sh	啤酒花
600091.sh	明天科技
600093.sh	禾嘉股份
600095.sh	哈高科
600096.sh	云天化
600097.sh	开创国际
600098.sh	广州控股
600099.sh	林海股份
600100.sh	同方股份
600101.sh	明星电力
600102.sh	莱钢股份
600103.sh	青山纸业
600104.sh	上海汽车
600105.sh	永鼎股份
600106.sh	重庆路桥
600107.sh	美尔雅
600108.sh	亚盛集团
600109.sh	国金证券
600110.sh	中科英华
600111.sh	包钢稀土
600112.sh	长征电气
600113.sh	浙江东日
600114.sh	东睦股份
600115.sh	ST东航
600116.sh	三峡水利
600117.sh	西宁特钢
600118.sh	中国卫星
600119.sh	长江投资
600120.sh	浙江东方
600121.sh	郑州煤电
600122.sh	宏图高科
600123.sh	兰花科创
600125.sh	铁龙物流
600126.sh	杭钢股份
600127.sh	金健米业
600128.sh	弘业股份
600129.sh	太极集团
600130.sh	*ST波导
600131.sh	岷江水电
600132.sh	重庆啤酒
600133.sh	东湖高新
600135.sh	乐凯胶片
600136.sh	ST道博
600137.sh	浪莎股份
600138.sh	中青旅
600139.sh	西部资源
600141.sh	兴发集团
600143.sh	金发科技
600145.sh	四维控股
600146.sh	大元股份
600148.sh	长春一东
600149.sh	华夏建通
600150.sh	中国船舶
600151.sh	航天机电
600152.sh	维科精华
600153.sh	建发股份
600155.sh	*ST宝硕
600156.sh	华升股份
600157.sh	鲁润股份
600158.sh	中体产业
600159.sh	大龙地产
600160.sh	巨化股份
600161.sh	天坛生物
600162.sh	香江控股
600163.sh	福建南纸
600165.sh	宁夏恒力
600166.sh	福田汽车
600167.sh	联美控股
600168.sh	武汉控股
600169.sh	太原重工
600170.sh	上海建工
600171.sh	上海贝岭
600172.sh	黄河旋风
600173.sh	卧龙地产
600175.sh	美都控股
600176.sh	中国玻纤
600177.sh	雅戈尔
600178.sh	东安动力
600179.sh	黑化股份
600180.sh	*ST九发
600182.sh	S佳通
600183.sh	生益科技
600184.sh	新华光
600185.sh	*ST海星
600186.sh	莲花味精
600187.sh	ST国中
600188.sh	兖州煤业
600189.sh	吉林森工
600190.sh	锦州港
600191.sh	华资实业
600192.sh	长城电工
600193.sh	创兴置业
600195.sh	中牧股份
600196.sh	复星医药
600197.sh	伊力特
600198.sh	大唐电信
600199.sh	金种子酒
600200.sh	江苏吴中
600201.sh	金宇集团
600202.sh	哈空调
600203.sh	福日电子
600206.sh	有研硅股
600207.sh	ST安彩
600208.sh	新湖中宝
600209.sh	罗顿发展
600210.sh	紫江企业
600211.sh	西藏药业
600212.sh	江泉实业
600213.sh	亚星客车
600215.sh	长春经开
600216.sh	浙江医药
600217.sh	ST秦岭
600218.sh	全柴动力
600219.sh	南山铝业
600220.sh	江苏阳光
600221.sh	海南航空
600222.sh	太龙药业
600223.sh	ST鲁置业
600225.sh	ST松江
600226.sh	升华拜克
600227.sh	赤天化
600228.sh	昌九生化
600229.sh	青岛碱业
600230.sh	沧州大化
600231.sh	凌钢股份
600232.sh	金鹰股份
600233.sh	大杨创世
600234.sh	*ST天龙
600235.sh	民丰特纸
600236.sh	桂冠电力
600237.sh	铜峰电子
600238.sh	海南椰岛
600239.sh	云南城投
600240.sh	华业地产
600241.sh	时代万恒
600242.sh	ST华龙
600243.sh	青海华鼎
600246.sh	万通地产
600247.sh	成城股份
600248.sh	延长化建
600249.sh	两面针
600250.sh	南纺股份
600251.sh	冠农股份
600252.sh	中恒集团
600253.sh	*ST天方
600255.sh	鑫科材料
600256.sh	广汇股份
600257.sh	大湖股份
600258.sh	首旅股份
600259.sh	ST有色
600260.sh	凯乐科技
600261.sh	浙江阳光
600262.sh	北方股份
600263.sh	路桥建设
600265.sh	景谷林业
600266.sh	北京城建
600267.sh	海正药业
600268.sh	国电南自
600269.sh	赣粤高速
600270.sh	外运发展
600271.sh	航天信息
600272.sh	开开实业
600273.sh	华芳纺织
600275.sh	*ST昌鱼
600276.sh	恒瑞医药
600277.sh	亿利能源
600278.sh	东方创业
600279.sh	重庆港九
600280.sh	南京中商
600281.sh	太化股份
600282.sh	南钢股份
600283.sh	钱江水利
600284.sh	浦东建设
600285.sh	羚锐股份
600287.sh	江苏舜天
600288.sh	大恒科技
600289.sh	亿阳信通
600290.sh	华仪电气
600291.sh	西水股份
600292.sh	九龙电力
600293.sh	三峡新材
600295.sh	鄂尔多斯
600297.sh	美罗药业
600298.sh	安琪酵母
600299.sh	蓝星新材
600300.sh	维维股份
600301.sh	南化股份
600302.sh	标准股份
600303.sh	曙光股份
600305.sh	恒顺醋业
600306.sh	商业城
600307.sh	酒钢宏兴
600308.sh	华泰股份
600309.sh	烟台万华
600310.sh	桂东电力
600311.sh	荣华实业
600312.sh	平高电气
600313.sh	*ST中农
600315.sh	上海家化
600316.sh	洪都航空
600317.sh	营口港
600318.sh	巢东股份
600319.sh	亚星化学
600320.sh	振华重工
600321.sh	国栋建设
600322.sh	天房发展
600323.sh	南海发展
600325.sh	华发股份
600326.sh	西藏天路
600327.sh	大厦股份
600328.sh	兰太实业
600329.sh	中新药业
600330.sh	天通股份
600331.sh	宏达股份
600332.sh	广州药业
600333.sh	长春燃气
600335.sh	鼎盛天工
600336.sh	澳柯玛
600337.sh	美克股份
600338.sh	ST珠峰
600339.sh	天利高新
600340.sh	*ST国祥
600343.sh	航天动力
600345.sh	长江通信
600346.sh	大橡塑
600348.sh	国阳新能
600350.sh	山东高速
600351.sh	亚宝药业
600352.sh	浙江龙盛
600353.sh	旭光股份
600354.sh	敦煌种业
600355.sh	精伦电子
600356.sh	恒丰纸业
600357.sh	承德钒钛
600358.sh	国旅联合
600359.sh	新农开发
600360.sh	华微电子
600361.sh	华联综超
600362.sh	江西铜业
600363.sh	联创光电
600365.sh	通葡股份
600366.sh	宁波韵升
600367.sh	红星发展
600368.sh	五洲交通
600369.sh	西南证券
600370.sh	三房巷
600371.sh	万向德农
600372.sh	*ST昌河
600373.sh	鑫新股份
600375.sh	星马汽车
600376.sh	首开股份
600377.sh	宁沪高速
600378.sh	天科股份
600379.sh	宝光股份
600380.sh	健康元
600381.sh	ST贤成
600382.sh	广东明珠
600383.sh	金地集团
600385.sh	ST金泰
600386.sh	北巴传媒
600387.sh	海越股份
600388.sh	龙净环保
600389.sh	江山股份
600390.sh	金瑞科技
600391.sh	成发科技
600392.sh	太工天成
600393.sh	东华实业
600395.sh	盘江股份
600396.sh	金山股份
600397.sh	安源股份
600398.sh	凯诺科技
600399.sh	抚顺特钢
600400.sh	红豆股份
600401.sh	*ST申龙
600403.sh	欣网视讯
600405.sh	动力源
600406.sh	国电南瑞
600408.sh	安泰集团
600409.sh	三友化工
600410.sh	华胜天成
600415.sh	小商品城
600416.sh	湘电股份
600418.sh	江淮汽车
600419.sh	ST天宏
600420.sh	现代制药
600421.sh	*ST国药
600422.sh	昆明制药
600423.sh	柳化股份
600425.sh	青松建化
600426.sh	华鲁恒升
600428.sh	中远航运
600429.sh	三元股份
600432.sh	吉恩镍业
600433.sh	冠豪高新
600435.sh	中兵光电
600436.sh	片仔癀
600438.sh	通威股份
600439.sh	瑞贝卡
600444.sh	国通管业
600446.sh	金证股份
600448.sh	华纺股份
600449.sh	赛马实业
600452.sh	涪陵电力
600455.sh	交大博通
600456.sh	宝钛股份
600458.sh	时代新材
600459.sh	贵研铂业
600460.sh	士兰微
600461.sh	洪城水业
600462.sh	ST石岘
600463.sh	空港股份
600466.sh	迪康药业
600467.sh	好当家
600468.sh	百利电气
600469.sh	风神股份
600470.sh	六国化工
600475.sh	华光股份
600476.sh	湘邮科技
600477.sh	杭萧钢构
600478.sh	科力远
600479.sh	千金药业
600480.sh	凌云股份
600481.sh	双良股份
600482.sh	风帆股份
600483.sh	福建南纺
600485.sh	中创信测
600486.sh	扬农化工
600487.sh	亨通光电
600488.sh	天药股份
600489.sh	中金黄金
600490.sh	中科合臣
600491.sh	龙元建设
600493.sh	凤竹纺织
600495.sh	晋西车轴
600496.sh	精工钢构
600497.sh	驰宏锌锗
600498.sh	烽火通信
600499.sh	科达机电
600500.sh	中化国际
600501.sh	航天晨光
600502.sh	安徽水利
600503.sh	华丽家族
600505.sh	西昌电力
600506.sh	*ST香梨
600507.sh	长力股份
600508.sh	上海能源
600509.sh	天富热电
600510.sh	黑牡丹
600511.sh	国药股份
600512.sh	腾达建设
600513.sh	联环药业
600515.sh	ST筑信
600516.sh	方大炭素
600517.sh	置信电气
600518.sh	康美药业
600519.sh	贵州茅台
600520.sh	三佳科技
600521.sh	华海药业
600522.sh	中天科技
600523.sh	贵航股份
600525.sh	长园集团
600526.sh	菲达环保
600527.sh	江南高纤
600528.sh	中铁二局
600529.sh	山东药玻
600530.sh	交大昂立
600531.sh	豫光金铅
600532.sh	华阳科技
600533.sh	栖霞建设
600535.sh	天士力
600536.sh	中国软件
600537.sh	海通集团
600538.sh	北海国发
600539.sh	狮头股份
600540.sh	新赛股份
600543.sh	莫高股份
600545.sh	新疆城建
600546.sh	中油化建
600547.sh	山东黄金
600548.sh	深高速
600549.sh	厦门钨业
600550.sh	天威保变
600551.sh	时代出版
600552.sh	方兴科技
600553.sh	太行水泥
600555.sh	九龙山
600556.sh	*ST北生
600557.sh	康缘药业
600558.sh	大西洋
600559.sh	老白干酒
600560.sh	金自天正
600561.sh	江西长运
600562.sh	高淳陶瓷
600563.sh	法拉电子
600565.sh	迪马股份
600566.sh	洪城股份
600567.sh	山鹰纸业
600568.sh	ST潜药
600569.sh	安阳钢铁
600570.sh	恒生电子
600571.sh	信雅达
600572.sh	康恩贝
600573.sh	惠泉啤酒
600575.sh	芜湖港
600576.sh	万好万家
600577.sh	精达股份
600578.sh	京能热电
600579.sh	ST黄海
600580.sh	卧龙电气
600581.sh	八一钢铁
600582.sh	天地科技
600583.sh	海油工程
600584.sh	长电科技
600585.sh	海螺水泥
600586.sh	金晶科技
600587.sh	新华医疗
600588.sh	用友软件
600589.sh	广东榕泰
600590.sh	泰豪科技
600591.sh	*ST上航
600592.sh	龙溪股份
600593.sh	大连圣亚
600594.sh	益佰制药
600595.sh	中孚实业
600596.sh	新安股份
600597.sh	光明乳业
600598.sh	北大荒
600599.sh	熊猫烟花
600600.sh	青岛啤酒
600601.sh	方正科技
600602.sh	广电电子
600603.sh	ST兴业
600604.sh	*ST二纺机
600605.sh	汇通能源
600606.sh	金丰投资
600607.sh	上实医药
600608.sh	ST沪科
600609.sh	金杯汽车
600610.sh	SST中纺
600611.sh	大众交通
600612.sh	中国铅笔
600613.sh	永生数据
600614.sh	鼎立股份
600615.sh	丰华股份
600616.sh	金枫酒业
600617.sh	ST联华
600618.sh	氯碱化工
600619.sh	海立股份
600620.sh	天宸股份
600621.sh	上海金陵
600622.sh	嘉宝集团
600623.sh	双钱股份
600624.sh	复旦复华
600626.sh	申达股份
600627.sh	上电股份
600628.sh	新世界
600629.sh	棱光实业
600630.sh	龙头股份
600631.sh	百联股份
600633.sh	*ST白猫
600634.sh	海鸟发展
600635.sh	大众公用
600636.sh	三爱富
600637.sh	广电信息
600638.sh	新黄浦
600639.sh	浦东金桥
600640.sh	中卫国脉
600641.sh	万业企业
600642.sh	申能股份
600643.sh	爱建股份
600644.sh	乐山电力
600645.sh	ST中源
600647.sh	同达创业
600648.sh	外高桥
600649.sh	城投控股
600650.sh	锦江投资
600651.sh	飞乐音响
600652.sh	爱使股份
600653.sh	申华控股
600654.sh	飞乐股份
600655.sh	豫园商城
600656.sh	ST方源
600657.sh	信达地产
600658.sh	兆维科技
600660.sh	福耀玻璃
600661.sh	新南洋
600662.sh	强生控股
600663.sh	陆家嘴
600664.sh	哈药股份
600665.sh	天地源
600666.sh	西南药业
600667.sh	太极实业
600668.sh	尖峰集团
600671.sh	天目药业
600673.sh	东阳光铝
600674.sh	川投能源
600675.sh	中华企业
600676.sh	交运股份
600677.sh	航天通信
600678.sh	ST金顶
600679.sh	金山开发
600680.sh	上海普天
600682.sh	南京新百
600683.sh	银泰股份
600684.sh	珠江实业
600685.sh	广船国际
600686.sh	金龙汽车
600687.sh	华盛达
600688.sh	S上石化
600689.sh	上海三毛
600690.sh	青岛海尔
600691.sh	ST东碳
600692.sh	亚通股份
600693.sh	东百集团
600694.sh	大商股份
600695.sh	大江股份
600696.sh	多伦股份
600697.sh	欧亚集团
600698.sh	ST轻骑
600699.sh	ST得亨
600701.sh	*ST工新
600702.sh	沱牌曲酒
600703.sh	三安光电
600704.sh	中大股份
600706.sh	ST长信
600707.sh	彩虹股份
600708.sh	海博股份
600710.sh	常林股份
600711.sh	ST雄震
600712.sh	南宁百货
600713.sh	南京医药
600714.sh	ST金瑞
600715.sh	ST松辽
600716.sh	ST耀华
600717.sh	天津港
600718.sh	东软集团
600719.sh	大连热电
600720.sh	祁连山
600721.sh	ST百花
600722.sh	ST金化
600723.sh	西单商场
600724.sh	宁波富达
600725.sh	云维股份
600726.sh	华电能源
600727.sh	*ST鲁北
600728.sh	S*ST新太
600729.sh	重庆百货
600730.sh	中国高科
600731.sh	湖南海利
600732.sh	上海新梅
600733.sh	S前锋
600734.sh	实达集团
600735.sh	新华锦
600736.sh	苏州高新
600737.sh	中粮屯河
600738.sh	兰州民百
600739.sh	辽宁成大
600740.sh	山西焦化
600741.sh	华域汽车
600742.sh	一汽富维
600743.sh	华远地产
600744.sh	华银电力
600745.sh	中茵股份
600746.sh	江苏索普
600747.sh	大连控股
600748.sh	上实发展
600749.sh	西藏旅游
600750.sh	江中药业
600751.sh	S*ST天海
600753.sh	东方银星
600754.sh	锦江股份
600755.sh	厦门国贸
600756.sh	浪潮软件
600757.sh	ST源发
600758.sh	红阳能源
600759.sh	正和股份
600760.sh	东安黑豹
600761.sh	安徽合力
600763.sh	通策医疗
600764.sh	中电广通
600765.sh	力源液压
600766.sh	园城股份
600767.sh	运盛实业
600768.sh	宁波富邦
600769.sh	祥龙电业
600770.sh	综艺股份
600771.sh	ST东盛
600773.sh	*ST雅砻
600774.sh	汉商集团
600775.sh	南京熊猫
600776.sh	东方通信
600777.sh	新潮实业
600778.sh	友好集团
600779.sh	水井坊
600780.sh	通宝能源
600781.sh	上海辅仁
600782.sh	新钢股份
600783.sh	鲁信高新
600784.sh	鲁银投资
600785.sh	新华百货
600786.sh	东方锅炉
600787.sh	中储股份
600789.sh	鲁抗医药
600790.sh	轻纺城
600791.sh	京能置业
600792.sh	ST马龙
600793.sh	*ST宜纸
600794.sh	保税科技
600795.sh	国电电力
600796.sh	钱江生化
600797.sh	浙大网新
600798.sh	宁波海运
600800.sh	ST磁卡
600801.sh	华新水泥
600802.sh	福建水泥
600803.sh	威远生化
600804.sh	鹏博士
600805.sh	悦达投资
600806.sh	昆明机床
600807.sh	天业股份
600808.sh	马钢股份
600809.sh	山西汾酒
600810.sh	神马实业
600811.sh	东方集团
600812.sh	华北制药
600814.sh	杭州解百
600815.sh	厦工股份
600816.sh	安信信托
600817.sh	*ST宏盛
600818.sh	中路股份
600819.sh	耀皮玻璃
600820.sh	隧道股份
600821.sh	津劝业
600822.sh	上海物贸
600823.sh	世茂股份
600824.sh	益民商业
600825.sh	新华传媒
600826.sh	兰生股份
600827.sh	友谊股份
600828.sh	成商集团
600829.sh	三精制药
600830.sh	香溢融通
600831.sh	广电网络
600832.sh	东方明珠
600833.sh	第一医药
600834.sh	申通地铁
600835.sh	上海机电
600836.sh	界龙实业
600837.sh	海通证券
600838.sh	上海九百
600839.sh	四川长虹
600840.sh	新湖创业
600841.sh	上柴股份
600842.sh	中西药业
600843.sh	上工申贝
600844.sh	丹化科技
600845.sh	宝信软件
600846.sh	同济科技
600847.sh	ST渝万里
600848.sh	自仪股份
600849.sh	上海医药
600850.sh	华东电脑
600851.sh	海欣股份
600853.sh	龙建股份
600854.sh	ST春兰
600855.sh	航天长峰
600856.sh	长百集团
600857.sh	工大首创
600858.sh	银座股份
600859.sh	王府井
600860.sh	北人股份
600861.sh	北京城乡
600862.sh	南通科技
600863.sh	内蒙华电
600864.sh	哈投股份
600865.sh	百大集团
600866.sh	星湖科技
600867.sh	通化东宝
600868.sh	ST梅雁
600869.sh	三普药业
600870.sh	*ST厦华
600871.sh	S仪化
600872.sh	中炬高新
600873.sh	五洲明珠
600874.sh	创业环保
600875.sh	东方电气
600876.sh	ST洛玻
600877.sh	中国嘉陵
600879.sh	火箭股份
600880.sh	博瑞传播
600881.sh	亚泰集团
600882.sh	大成股份
600883.sh	博闻科技
600884.sh	杉杉股份
600885.sh	力诺太阳
600886.sh	国投电力
600887.sh	*ST伊利
600888.sh	新疆众和
600889.sh	南京化纤
600890.sh	*ST中房
600891.sh	SST秋林
600892.sh	*ST湖科
600893.sh	航空动力
600894.sh	广钢股份
600895.sh	张江高科
600896.sh	中海海盛
600897.sh	厦门空港
600898.sh	*ST三联
600900.sh	长江电力
600960.sh	滨州活塞
600961.sh	株冶集团
600962.sh	国投中鲁
600963.sh	岳阳纸业
600965.sh	福成五丰
600966.sh	博汇纸业
600967.sh	北方创业
600969.sh	郴电国际
600970.sh	中材国际
600971.sh	恒源煤电
600973.sh	宝胜股份
600975.sh	新五丰
600976.sh	武汉健民
600978.sh	宜华木业
600979.sh	广安爱众
600980.sh	北矿磁材
600981.sh	江苏开元
600982.sh	宁波热电
600983.sh	合肥三洋
600984.sh	ST建机
600985.sh	雷鸣科化
600986.sh	科达股份
600987.sh	航民股份
600988.sh	ST宝龙
600990.sh	四创电子
600991.sh	长丰汽车
600992.sh	贵绳股份
600993.sh	马应龙
600995.sh	文山电力
600997.sh	开滦股份
600999.sh	招商证券
601001.sh	大同煤业
601002.sh	晋亿实业
601003.sh	柳钢股份
601005.sh	重庆钢铁
601006.sh	大秦铁路
601007.sh	金陵饭店
601008.sh	连云港
601009.sh	南京银行
601088.sh	中国神华
601099.sh	太平洋
601101.sh	昊华能源
601106.sh	中国一重
601107.sh	四川成渝
601111.sh	中国国航
601117.sh	中国化学
601139.sh	深圳燃气
601158.sh	重庆水务
601166.sh	兴业银行
601168.sh	西部矿业
601169.sh	北京银行
601179.sh	中国西电
601186.sh	中国铁建
601188.sh	龙江交通
601268.sh	二重重装
601299.sh	中国北车
601318.sh	中国平安
601328.sh	交通银行
601333.sh	广深铁路
601390.sh	中国中铁
601398.sh	工商银行
601518.sh	吉林高速
601588.sh	北辰实业
601600.sh	中国铝业
601601.sh	中国太保
601607.sh	上海医药
601618.sh	中国中冶
601628.sh	中国人寿
601666.sh	平煤股份
601668.sh	中国建筑
601678.sh	滨化股份
601688.sh	华泰证券
601699.sh	潞安环能
601727.sh	上海电气
601766.sh	中国南车
601788.sh	光大证券
601801.sh	皖新传媒
601808.sh	中海油服
601857.sh	中国石油
601866.sh	中海集运
601872.sh	招商轮船
601877.sh	正泰电器
601888.sh	中国国旅
601898.sh	中煤能源
601899.sh	紫金矿业
601918.sh	国投新集
601919.sh	中国远洋
601939.sh	建设银行
601958.sh	金钼股份
601988.sh	中国银行
601989.sh	中国重工
601991.sh	大唐发电
601998.sh	中信银行
601999.sh	出版传媒
738067.sh	
738076.sh	
738082.sh	
738115.sh	
738136.sh	
738138.sh	
738141.sh	
738157.sh	
738159.sh	
738376.sh	
738418.sh	
738425.sh	
738458.sh	
738481.sh	
738487.sh	
738545.sh	
738584.sh	
738755.sh	
738801.sh	
738815.sh	
738839.sh	
751990.sh	
751991.sh	
751992.sh	
751993.sh	
799988.sh	
799990.sh	
799996.sh	
799997.sh	
799998.sh	
799999.sh	
888880.sh	
900901.sh	上电B股
900902.sh	*ST二纺B
900903.sh	大众B股
900904.sh	永生B股
900905.sh	中铅B股
900906.sh	ST中纺B
900907.sh	鼎立B股
900908.sh	氯碱B股
900909.sh	双钱B股
900910.sh	海立B股
900911.sh	金桥B股
900912.sh	外高B股
900913.sh	ST联华B
900914.sh	锦投B股
900915.sh	中路B股
900916.sh	金山B股
900917.sh	海欣B股
900918.sh	耀皮B股
900919.sh	大江B股
900920.sh	上柴B股
900921.sh	丹科B股
900922.sh	三毛B股
900923.sh	友谊B股
900924.sh	上工B股
900925.sh	机电B股
900926.sh	宝信B
900927.sh	物贸B股
900928.sh	自仪B股
900929.sh	锦旅B股
900930.sh	沪普天B
900932.sh	陆家B股
900933.sh	华新B股
900934.sh	锦江B股
900935.sh	阳晨B股
900936.sh	鄂绒B股
900937.sh	华电B股
900938.sh	*ST天海B
900939.sh	ST汇丽B
900941.sh	东信B股
900942.sh	黄山B股
900943.sh	开开B股
900945.sh	海航B股
900946.sh	ST轻骑B
900947.sh	振华B股
900948.sh	伊泰B股
900949.sh	东电B股
900950.sh	新城B股
900951.sh	大化B股
900952.sh	锦港B股
900953.sh	凯马B
900955.sh	九龙山B
900956.sh	东贝B股
900957.sh	凌云B股
939988.sh	
000001.sz	深发展A
000002.sz	万科A
000004.sz	*ST国农
000005.sz	世纪星源
000006.sz	深振业A
000007.sz	ST达声
000008.sz	ST宝利来
000009.sz	中国宝安
000010.sz	SST华新
000011.sz	S*ST物业
000012.sz	南玻A
000014.sz	沙河股份
000016.sz	深康佳A
000017.sz	SST中华A
000018.sz	*ST中冠A
000019.sz	深深宝A
000020.sz	深华发A
000021.sz	长城开发
000022.sz	深赤湾A
000023.sz	深天地A
000024.sz	招商地产
000025.sz	特力A
000026.sz	飞亚达A
000027.sz	深圳能源
000028.sz	一致药业
000029.sz	深深房A
000030.sz	*ST盛润A
000031.sz	中粮地产
000032.sz	深桑达A
000033.sz	新都酒店
000034.sz	*ST深泰
000035.sz	ST科健
000036.sz	*ST华控
000037.sz	深南电A
000039.sz	中集集团
000040.sz	深鸿基
000042.sz	深长城
000043.sz	中航地产
000045.sz	深纺织A
000046.sz	泛海建设
000048.sz	ST康达尔
000049.sz	德赛电池
000050.sz	深天马A
000055.sz	方大A
000056.sz	深国商
000058.sz	深赛格
000059.sz	辽通化工
000060.sz	中金岭南
000061.sz	农产品
000062.sz	深圳华强
000063.sz	中兴通讯
000065.sz	北方国际
000066.sz	长城电脑
000068.sz	赛格三星
000069.sz	华侨城A
000070.sz	特发信息
000078.sz	海王生物
000088.sz	盐田港
000089.sz	深圳机场
000090.sz	深天健
000096.sz	广聚能源
000099.sz	中信海直
000100.sz	TCL集团
000150.sz	宜华地产
000151.sz	中成股份
000153.sz	丰原药业
000155.sz	川化股份
000157.sz	中联重科
000158.sz	常山股份
000159.sz	国际实业
000301.sz	东方市场
000338.sz	潍柴动力
000400.sz	许继电气
000401.sz	冀东水泥
000402.sz	金融街
000404.sz	华意压缩
000407.sz	胜利股份
000408.sz	ST玉源
000409.sz	ST泰格
000410.sz	沈阳机床
000411.sz	英特集团
000413.sz	宝石A
000415.sz	汇通集团
000416.sz	民生投资
000417.sz	合肥百货
000418.sz	小天鹅A
000419.sz	通程控股
000420.sz	吉林化纤
000421.sz	南京中北
000422.sz	湖北宜化
000423.sz	东阿阿胶
000425.sz	徐工科技
000426.sz	富龙热电
000428.sz	华天酒店
000429.sz	粤高速A
000430.sz	ST张家界
000488.sz	晨鸣纸业
000501.sz	鄂武商A
000502.sz	绿景地产
000503.sz	海虹控股
000504.sz	赛迪传媒
000505.sz	*ST珠江
000506.sz	ST中润
000507.sz	粤富华
000509.sz	SST华塑
000510.sz	金路集团
000511.sz	银基发展
000513.sz	丽珠集团
000514.sz	渝开发
000515.sz	攀渝钛业
000516.sz	开元控股
000517.sz	ST成功
000518.sz	*ST生物
000519.sz	银河动力
000520.sz	长航凤凰
000521.sz	美菱电器
000522.sz	白云山A
000523.sz	广州浪奇
000524.sz	东方宾馆
000525.sz	红太阳
000526.sz	旭飞投资
000527.sz	美的电器
000528.sz	柳工
000529.sz	广弘控股
000530.sz	大冷股份
000531.sz	穗恒运A
000532.sz	力合股份
000533.sz	万家乐
000534.sz	汕电力A
000536.sz	闽闽东
000537.sz	广宇发展
000538.sz	云南白药
000539.sz	粤电力A
000540.sz	中天城投
000541.sz	佛山照明
000543.sz	皖能电力
000544.sz	中原环保
000545.sz	吉林制药
000546.sz	光华控股
000547.sz	闽福发A
000548.sz	湖南投资
000550.sz	江铃汽车
000551.sz	创元科技
000552.sz	靖远煤电
000553.sz	沙隆达A
000554.sz	泰山石油
000555.sz	ST太光
000557.sz	ST银广夏
000558.sz	莱茵置业
000559.sz	万向钱潮
000560.sz	昆百大A
000561.sz	S*ST长岭
000562.sz	宏源证券
000563.sz	陕国投A
000564.sz	西安民生
000565.sz	渝三峡A
000566.sz	海南海药
000567.sz	海德股份
000568.sz	泸州老窖
000569.sz	长城股份
000570.sz	苏常柴A
000571.sz	新大洲A
000572.sz	海马股份
000573.sz	粤宏远A
000576.sz	*ST甘化
000578.sz	盐湖集团
000581.sz	威孚高科
000582.sz	北海港
000584.sz	友利控股
000585.sz	*ST东电
000586.sz	*ST汇源
000587.sz	SST光明
000589.sz	黔轮胎A
000590.sz	紫光古汉
000591.sz	桐君阁
000592.sz	中福实业
000593.sz	大通燃气
000594.sz	国恒铁路
000595.sz	西北轴承
000596.sz	古井贡酒
000597.sz	东北制药
000598.sz	蓝星清洗
000599.sz	青岛双星
000600.sz	建投能源
000601.sz	韶能股份
000602.sz	金马集团
000603.sz	*ST威达
000605.sz	ST四环
000606.sz	青海明胶
000607.sz	华立药业
000608.sz	阳光股份
000609.sz	绵世股份
000610.sz	西安旅游
000611.sz	时代科技
000612.sz	焦作万方
000613.sz	ST东海A
000615.sz	湖北金环
000616.sz	亿城股份
000617.sz	石油济柴
000619.sz	海螺型材
000623.sz	吉林敖东
000625.sz	长安汽车
000626.sz	如意集团
000627.sz	天茂集团
000628.sz	高新发展
000629.sz	攀钢钢钒
000630.sz	铜陵有色
000631.sz	顺发恒业
000632.sz	三木集团
000633.sz	SST合金
000635.sz	英力特
000636.sz	风华高科
000637.sz	茂化实华
000638.sz	万方地产
000639.sz	金德发展
000650.sz	仁和药业
000651.sz	格力电器
000652.sz	泰达股份
000655.sz	金岭矿业
000656.sz	ST东源
000657.sz	*ST中钨
000659.sz	珠海中富
000661.sz	长春高新
000662.sz	索芙特
000663.sz	永安林业
000665.sz	武汉塑料
000666.sz	经纬纺机
000667.sz	名流置业
000668.sz	荣丰控股
000669.sz	领先科技
000671.sz	阳光城
000673.sz	ST大水
000676.sz	思达高科
000677.sz	山东海龙
000678.sz	襄阳轴承
000679.sz	大连友谊
000680.sz	山推股份
000681.sz	*ST远东
000682.sz	东方电子
000683.sz	远兴能源
000685.sz	中山公用
000686.sz	东北证券
000687.sz	保定天鹅
000690.sz	宝新能源
000691.sz	*ST联油
000692.sz	ST惠天
000695.sz	滨海能源
000697.sz	*ST偏转
000698.sz	沈阳化工
000700.sz	模塑科技
000701.sz	厦门信达
000702.sz	正虹科技
000703.sz	世纪光华
000705.sz	浙江震元
000707.sz	双环科技
000708.sz	大冶特钢
000709.sz	唐钢股份
000710.sz	天兴仪表
000711.sz	天伦置业
000712.sz	锦龙股份
000713.sz	丰乐种业
000715.sz	中兴商业
000716.sz	ST南方
000717.sz	韶钢松山
000718.sz	苏宁环球
000720.sz	*ST能山
000721.sz	西安饮食
000722.sz	*ST金果
000723.sz	美锦能源
000725.sz	京东方A
000726.sz	鲁泰A
000727.sz	华东科技
000728.sz	国元证券
000729.sz	燕京啤酒
000731.sz	四川美丰
000733.sz	振华科技
000735.sz	罗牛山
000736.sz	ST重实
000737.sz	南风化工
000738.sz	ST宇航
000739.sz	普洛股份
000748.sz	长城信息
000750.sz	S*ST集琦
000751.sz	*ST锌业
000752.sz	西藏发展
000753.sz	漳州发展
000755.sz	山西三维
000756.sz	新华制药
000758.sz	中色股份
000759.sz	武汉中百
000760.sz	博盈投资
000761.sz	本钢板材
000762.sz	西藏矿业
000766.sz	通化金马
000767.sz	漳泽电力
000768.sz	西飞国际
000776.sz	S延边路
000777.sz	中核科技
000778.sz	新兴铸管
000779.sz	ST派神
000780.sz	平庄能源
000782.sz	美达股份
000783.sz	长江证券
000785.sz	武汉中商
000786.sz	北新建材
000788.sz	西南合成
000789.sz	江西水泥
000790.sz	华神集团
000791.sz	西北化工
000792.sz	盐湖钾肥
000793.sz	华闻传媒
000795.sz	太原刚玉
000796.sz	宝商集团
000797.sz	中国武夷
000798.sz	中水渔业
000799.sz	酒鬼酒
000800.sz	一汽轿车
000801.sz	四川湖山
000802.sz	北京旅游
000803.sz	金宇车城
000806.sz	银河科技
000807.sz	云铝股份
000809.sz	中汇医药
000810.sz	华润锦华
000811.sz	烟台冰轮
000812.sz	陕西金叶
000813.sz	天山纺织
000815.sz	美利纸业
000816.sz	江淮动力
000818.sz	锦化氯碱
000819.sz	岳阳兴长
000820.sz	金城股份
000821.sz	京山轻机
000822.sz	山东海化
000823.sz	超声电子
000825.sz	太钢不锈
000826.sz	合加资源
000828.sz	东莞控股
000829.sz	天音控股
000830.sz	鲁西化工
000831.sz	关铝股份
000833.sz	贵糖股份
000835.sz	四川圣达
000836.sz	鑫茂科技
000837.sz	秦川发展
000838.sz	国兴地产
000839.sz	中信国安
000848.sz	承德露露
000850.sz	华茂股份
000851.sz	高鸿股份
000852.sz	江钻股份
000856.sz	*ST唐陶
000858.sz	五粮液
000859.sz	国风塑业
000860.sz	顺鑫农业
000861.sz	海印股份
000862.sz	银星能源
000868.sz	安凯客车
000869.sz	张裕A
000875.sz	吉电股份
000876.sz	新希望
000877.sz	天山股份
000878.sz	云南铜业
000880.sz	潍柴重机
000881.sz	大连国际
000882.sz	华联股份
000883.sz	三环股份
000885.sz	同力水泥
000886.sz	海南高速
000887.sz	中鼎股份
000888.sz	峨眉山A
000889.sz	渤海物流
000890.sz	法尔胜
000892.sz	ST星美
000893.sz	广州冷机
000895.sz	双汇发展
000897.sz	津滨发展
000898.sz	鞍钢股份
000899.sz	赣能股份
000900.sz	现代投资
000901.sz	航天科技
000902.sz	中国服装
000903.sz	云内动力
000905.sz	厦门港务
000906.sz	南方建材
000908.sz	天一科技
000909.sz	数源科技
000910.sz	大亚科技
000911.sz	南宁糖业
000912.sz	泸天化
000913.sz	钱江摩托
000915.sz	山大华特
000916.sz	华北高速
000917.sz	电广传媒
000918.sz	*ST亚华
000919.sz	金陵药业
000920.sz	南方汇通
000921.sz	ST科龙
000922.sz	ST阿继
000923.sz	河北宣工
000925.sz	众合机电
000926.sz	福星股份
000927.sz	一汽夏利
000928.sz	中钢吉炭
000929.sz	兰州黄河
000930.sz	丰原生化
000931.sz	中关村
000932.sz	华菱钢铁
000933.sz	神火股份
000935.sz	ST双马
000936.sz	华西村
000937.sz	金牛能源
000938.sz	紫光股份
000939.sz	凯迪电力
000948.sz	南天信息
000949.sz	新乡化纤
000950.sz	建峰化工
000951.sz	中国重汽
000952.sz	广济药业
000953.sz	河池化工
000955.sz	*ST欣龙
000957.sz	中通客车
000958.sz	东方热电
000959.sz	首钢股份
000960.sz	锡业股份
000961.sz	中南建设
000962.sz	东方钽业
000963.sz	华东医药
000965.sz	天保基建
000966.sz	长源电力
000967.sz	上风高科
000968.sz	煤气化
000969.sz	安泰科技
000970.sz	中科三环
000971.sz	*ST迈亚
000972.sz	新中基
000973.sz	佛塑股份
000975.sz	科学城
000976.sz	春晖股份
000977.sz	浪潮信息
000978.sz	桂林旅游
000979.sz	*ST科苑
000980.sz	金马股份
000981.sz	S*ST兰光
000982.sz	中银绒业
000983.sz	西山煤电
000985.sz	大庆华科
000987.sz	广州友谊
000988.sz	华工科技
000989.sz	九芝堂
000990.sz	诚志股份
000993.sz	闽东电力
000995.sz	*ST皇台
000996.sz	中国中期
000997.sz	新大陆
000998.sz	隆平高科
000999.sz	三九医药
001696.sz	宗申动力
001896.sz	豫能控股
002001.sz	新和成
002002.sz	*ST琼花
002003.sz	伟星股份
002004.sz	华邦制药
002005.sz	德豪润达
002006.sz	精功科技
002007.sz	华兰生物
002008.sz	大族激光
002009.sz	天奇股份
002010.sz	传化股份
002011.sz	盾安环境
002012.sz	凯恩股份
002013.sz	中航精机
002014.sz	永新股份
002015.sz	霞客环保
002016.sz	世荣兆业
002017.sz	东信和平
002018.sz	华星化工
002019.sz	鑫富药业
002020.sz	京新药业
002021.sz	中捷股份
002022.sz	科华生物
002023.sz	海特高新
002024.sz	苏宁电器
002025.sz	航天电器
002026.sz	山东威达
002027.sz	七喜控股
002028.sz	思源电气
002029.sz	七匹狼
002030.sz	达安基因
002031.sz	巨轮股份
002032.sz	苏泊尔
002033.sz	丽江旅游
002034.sz	美欣达
002035.sz	华帝股份
002036.sz	宜科科技
002037.sz	久联发展
002038.sz	双鹭药业
002039.sz	黔源电力
002040.sz	南京港
002041.sz	登海种业
002042.sz	华孚色纺
002043.sz	兔宝宝
002044.sz	江苏三友
002045.sz	广州国光
002046.sz	轴研科技
002047.sz	成霖股份
002048.sz	宁波华翔
002049.sz	晶源电子
002050.sz	三花股份
002051.sz	中工国际
002052.sz	同洲电子
002053.sz	云南盐化
002054.sz	德美化工
002055.sz	得润电子
002056.sz	横店东磁
002057.sz	中钢天源
002058.sz	威尔泰
002059.sz	世博股份
002060.sz	粤水电
002061.sz	江山化工
002062.sz	宏润建设
002063.sz	远光软件
002064.sz	华峰氨纶
002065.sz	东华软件
002066.sz	瑞泰科技
002067.sz	景兴纸业
002068.sz	黑猫股份
002069.sz	獐子岛
002070.sz	众和股份
002071.sz	江苏宏宝
002072.sz	德棉股份
002073.sz	青岛软控
002074.sz	东源电器
002075.sz	*ST张铜
002076.sz	雪莱特
002077.sz	大港股份
002078.sz	太阳纸业
002079.sz	苏州固锝
002080.sz	中材科技
002081.sz	金螳螂
002082.sz	栋梁新材
002083.sz	孚日股份
002084.sz	海鸥卫浴
002085.sz	万丰奥威
002086.sz	东方海洋
002087.sz	新野纺织
002088.sz	鲁阳股份
002089.sz	新海宜
002090.sz	金智科技
002091.sz	江苏国泰
002092.sz	中泰化学
002093.sz	国脉科技
002094.sz	青岛金王
002095.sz	生意宝
002096.sz	南岭民爆
002097.sz	山河智能
002098.sz	浔兴股份
002099.sz	海翔药业
002100.sz	天康生物
002101.sz	广东鸿图
002102.sz	冠福家用
002103.sz	广博股份
002104.sz	恒宝股份
002105.sz	信隆实业
002106.sz	莱宝高科
002107.sz	沃华医药
002108.sz	沧州明珠
002109.sz	兴化股份
002110.sz	三钢闽光
002111.sz	威海广泰
002112.sz	三变科技
002113.sz	天润发展
002114.sz	罗平锌电
002115.sz	三维通信
002116.sz	中国海诚
002117.sz	东港股份
002118.sz	紫鑫药业
002119.sz	康强电子
002120.sz	新海股份
002121.sz	科陆电子
002122.sz	天马股份
002123.sz	荣信股份
002124.sz	天邦股份
002125.sz	湘潭电化
002126.sz	银轮股份
002127.sz	新民科技
002128.sz	露天煤业
002129.sz	中环股份
002130.sz	沃尔核材
002131.sz	利欧股份
002132.sz	恒星科技
002133.sz	广宇集团
002134.sz	天津普林
002135.sz	东南网架
002136.sz	安纳达
002137.sz	实益达
002138.sz	顺络电子
002139.sz	拓邦电子
002140.sz	东华科技
002141.sz	蓉胜超微
002142.sz	宁波银行
002143.sz	高金食品
002144.sz	宏达经编
002145.sz	ST钛白
002146.sz	荣盛发展
002147.sz	方圆支承
002148.sz	北纬通信
002149.sz	西部材料
002150.sz	江苏通润
002151.sz	北斗星通
002152.sz	广电运通
002153.sz	石基信息
002154.sz	报喜鸟
002155.sz	辰州矿业
002156.sz	通富微电
002157.sz	正邦科技
002158.sz	汉钟精机
002159.sz	三特索道
002160.sz	常铝股份
002161.sz	远望谷
002162.sz	斯米克
002163.sz	中航三鑫
002164.sz	东力传动
002165.sz	红宝丽
002166.sz	莱茵生物
002167.sz	东方锆业
002168.sz	深圳惠程
002169.sz	智光电气
002170.sz	芭田股份
002171.sz	精诚铜业
002172.sz	澳洋科技
002173.sz	山下湖
002174.sz	梅花伞
002175.sz	广陆数测
002176.sz	江特电机
002177.sz	御银股份
002178.sz	延华智能
002179.sz	中航光电
002180.sz	万力达
002181.sz	粤传媒
002182.sz	云海金属
002183.sz	怡亚通
002184.sz	海得控制
002185.sz	华天科技
002186.sz	全聚德
002187.sz	广百股份
002188.sz	新嘉联
002189.sz	利达光电
002190.sz	成飞集成
002191.sz	劲嘉股份
002192.sz	路翔股份
002193.sz	山东如意
002194.sz	武汉凡谷
002195.sz	海隆软件
002196.sz	方正电机
002197.sz	证通电子
002198.sz	嘉应制药
002199.sz	东晶电子
002200.sz	绿大地
002201.sz	九鼎新材
002202.sz	金风科技
002203.sz	海亮股份
002204.sz	华锐铸钢
002205.sz	国统股份
002206.sz	海利得
002207.sz	准油股份
002208.sz	合肥城建
002209.sz	达意隆
002210.sz	飞马国际
002211.sz	宏达新材
002212.sz	南洋股份
002213.sz	特尔佳
002214.sz	大立科技
002215.sz	诺普信
002216.sz	三全食品
002217.sz	联合化工
002218.sz	拓日新能
002219.sz	独一味
002220.sz	天宝股份
002221.sz	东华能源
002222.sz	福晶科技
002223.sz	鱼跃医疗
002224.sz	三力士
002225.sz	濮耐股份
002226.sz	江南化工
002227.sz	奥特迅
002228.sz	合兴包装
002229.sz	鸿博股份
002230.sz	科大讯飞
002231.sz	奥维通信
002232.sz	启明信息
002233.sz	塔牌集团
002234.sz	民和股份
002235.sz	安妮股份
002236.sz	大华股份
002237.sz	恒邦股份
002238.sz	天威视讯
002239.sz	金飞达
002240.sz	威华股份
002241.sz	歌尔声学
002242.sz	九阳股份
002243.sz	通产丽星
002244.sz	滨江集团
002245.sz	澳洋顺昌
002246.sz	北化股份
002247.sz	帝龙新材
002248.sz	华东数控
002249.sz	大洋电机
002250.sz	联化科技
002251.sz	步步高
002252.sz	上海莱士
002253.sz	川大智胜
002254.sz	烟台氨纶
002255.sz	海陆重工
002256.sz	彩虹精化
002258.sz	利尔化学
002259.sz	升达林业
002260.sz	伊立浦
002261.sz	拓维信息
002262.sz	恩华药业
002263.sz	大东南
002264.sz	新华都
002265.sz	西仪股份
002266.sz	浙富股份
002267.sz	陕天然气
002268.sz	卫士通
002269.sz	美邦服饰
002270.sz	法因数控
002271.sz	东方雨虹
002272.sz	川润股份
002273.sz	水晶光电
002274.sz	华昌化工
002275.sz	桂林三金
002276.sz	万马电缆
002277.sz	家润多
002278.sz	神开股份
002279.sz	久其软件
002280.sz	新世纪
002281.sz	光迅科技
002282.sz	博深工具
002283.sz	天润曲轴
002284.sz	亚太股份
002285.sz	世联地产
002286.sz	保龄宝
002287.sz	奇正藏药
002288.sz	超华科技
002289.sz	宇顺电子
002290.sz	禾盛新材
002291.sz	星期六
002292.sz	奥飞动漫
002293.sz	罗莱家纺
002294.sz	信立泰
002295.sz	精艺股份
002296.sz	辉煌科技
002297.sz	博云新材
002298.sz	鑫龙电器
002299.sz	圣农发展
002300.sz	太阳电缆
002301.sz	齐心文具
002302.sz	西部建设
002303.sz	美盈森
002304.sz	洋河股份
002305.sz	南国置业
002306.sz	湘鄂情
002307.sz	北新路桥
002308.sz	威创股份
002309.sz	中利科技
002310.sz	东方园林
002311.sz	海大集团
002312.sz	三泰电子
002313.sz	日海通讯
002314.sz	雅致股份
002315.sz	焦点科技
002316.sz	键桥通讯
002317.sz	众生药业
002318.sz	久立特材
002319.sz	乐通股份
002320.sz	海峡股份
002321.sz	华英农业
002322.sz	理工监测
002323.sz	中联电气
002324.sz	普利特
002325.sz	洪涛股份
002326.sz	永太科技
002327.sz	富安娜
002328.sz	新朋股份
002329.sz	皇氏乳业
002330.sz	得利斯
002331.sz	皖通科技
002332.sz	仙琚制药
002333.sz	罗普斯金
002334.sz	英威腾
002335.sz	科华恒盛
002336.sz	人人乐
002337.sz	赛象科技
002338.sz	奥普光电
002339.sz	积成电子
002340.sz	格林美
002341.sz	新纶科技
002342.sz	巨力索具
002343.sz	禾欣股份
002344.sz	海宁皮城
002345.sz	潮宏基
002346.sz	柘中建设
002347.sz	泰尔重工
002348.sz	高乐股份
002349.sz	精华制药
002350.sz	北京科锐
002351.sz	漫步者
002352.sz	鼎泰新材
002353.sz	杰瑞股份
002354.sz	科冕木业
002355.sz	兴民钢圈
002356.sz	浩宁达
002357.sz	富临运业
002358.sz	森源电气
002359.sz	齐星铁塔
002360.sz	同德化工
002361.sz	神剑股份
002362.sz	汉王科技
002363.sz	隆基机械
002364.sz	中恒电气
002365.sz	永安药业
002366.sz	丹甫股份
002367.sz	康力电梯
002368.sz	太极股份
002369.sz	卓翼科技
002370.sz	亚太药业
002371.sz	七星电子
002372.sz	伟星新材
002373.sz	联信永益
002374.sz	丽鹏股份
002375.sz	亚厦股份
002376.sz	新北洋
002377.sz	国创高新
002378.sz	章源钨业
002379.sz	鲁丰股份
002380.sz	科远股份
002381.sz	双箭股份
002382.sz	蓝帆股份
002383.sz	合众思壮
002384.sz	东山精密
002385.sz	大北农
002386.sz	天原集团
002999.sz	
031005.sz	国安GAC1
031006.sz	中兴ZXC1
031007.sz	阿胶EJC1
070778.sz	
080635.sz	
100203.sz	
100210.sz	
100213.sz	
100215.sz	
100301.sz	
100303.sz	
100307.sz	
100308.sz	
100311.sz	
100404.sz	
100407.sz	
100408.sz	
100410.sz	
100501.sz	
100503.sz	
100504.sz	
100505.sz	
100509.sz	
100511.sz	
100512.sz	
100513.sz	
100601.sz	
100603.sz	
100605.sz	
100606.sz	
100609.sz	
100610.sz	
100612.sz	
100613.sz	
100616.sz	
100617.sz	
100618.sz	
100619.sz	
100620.sz	
100701.sz	
100703.sz	
100704.sz	
100705.sz	
100706.sz	
100707.sz	
100710.sz	
100711.sz	
100713.sz	
100714.sz	
100717.sz	
100718.sz	
100816.sz	
100908.sz	
101904.sz	
101912.sz	
101917.sz	
101998.sz	
108010.sz	
111015.sz	
111018.sz	
111019.sz	
111020.sz	
111021.sz	
111022.sz	
111023.sz	
111024.sz	
111025.sz	
111026.sz	
111027.sz	
111028.sz	
111029.sz	
111030.sz	
111031.sz	
111032.sz	
111033.sz	
111034.sz	
111035.sz	
111036.sz	
111037.sz	
111038.sz	
111039.sz	
111040.sz	
111041.sz	
111042.sz	
111043.sz	
111044.sz	
111045.sz	
111046.sz	
111047.sz	
111048.sz	
111049.sz	
111050.sz	
111051.sz	
111052.sz	
111053.sz	
111054.sz	
111055.sz	
111056.sz	
112001.sz	
112002.sz	
112003.sz	
112004.sz	
112005.sz	
112006.sz	
115001.sz	
115002.sz	
115003.sz	
119003.sz	
119004.sz	
119005.sz	
119008.sz	
119009.sz	
119010.sz	
119014.sz	
119015.sz	
119016.sz	
125709.sz	
125960.sz	
128031.sz	
131800.sz	
131801.sz	
131802.sz	
131803.sz	
131805.sz	
131806.sz	
131809.sz	
131810.sz	
131811.sz	
131900.sz	
131901.sz	
131910.sz	
131911.sz	
150001.sz	
150002.sz	
150003.sz	
150006.sz	
150007.sz	
159901.sz	
159902.sz	
160101.sz	
160102.sz	
160103.sz	
160105.sz	
160106.sz	
160108.sz	
160109.sz	
160110.sz	
160111.sz	
160112.sz	
160113.sz	
160115.sz	
160116.sz	
160117.sz	
160118.sz	
160201.sz	
160202.sz	
160203.sz	
160204.sz	
160206.sz	
160208.sz	
160209.sz	
160210.sz	
160301.sz	
160302.sz	
160303.sz	
160304.sz	
160305.sz	
160306.sz	
160307.sz	
160308.sz	
160309.sz	
160310.sz	
160311.sz	
160312.sz	
160313.sz	
160314.sz	
160315.sz	
160316.sz	
160317.sz	
160318.sz	
160319.sz	
160320.sz	
160321.sz	
160401.sz	
160402.sz	
160403.sz	
160404.sz	
160405.sz	
160406.sz	
160407.sz	
160408.sz	
160409.sz	
160410.sz	
160411.sz	
160412.sz	
160413.sz	
160501.sz	
160502.sz	
160504.sz	
160505.sz	
160506.sz	
160507.sz	
160508.sz	
160509.sz	
160510.sz	
160511.sz	
160601.sz	
160602.sz	
160603.sz	
160605.sz	
160607.sz	
160608.sz	
160610.sz	
160611.sz	
160612.sz	
160613.sz	
160615.sz	
160701.sz	
160702.sz	
160703.sz	
160704.sz	
160705.sz	
160706.sz	
160708.sz	
160709.sz	
160710.sz	
160711.sz	
160712.sz	
160713.sz	
160714.sz	
160715.sz	
160801.sz	
160802.sz	
160803.sz	
160804.sz	
160805.sz	
160806.sz	
160901.sz	
160902.sz	
160903.sz	
160904.sz	
160905.sz	
160906.sz	
160907.sz	
160908.sz	
160909.sz	
160910.sz	
160911.sz	
160912.sz	
160913.sz	
161001.sz	
161002.sz	
161003.sz	
161004.sz	
161005.sz	
161006.sz	
161007.sz	
161008.sz	
161009.sz	
161010.sz	
161011.sz	
161101.sz	
161102.sz	
161103.sz	
161105.sz	
161106.sz	
161107.sz	
161108.sz	
161109.sz	
161110.sz	
161111.sz	
161112.sz	
161113.sz	
161201.sz	
161202.sz	
161203.sz	
161205.sz	
161206.sz	
161208.sz	
161209.sz	
161301.sz	
161302.sz	
161303.sz	
161304.sz	
161305.sz	
161306.sz	
161501.sz	
161502.sz	
161503.sz	
161601.sz	
161603.sz	
161604.sz	
161605.sz	
161606.sz	
161607.sz	
161609.sz	
161610.sz	
161611.sz	
161701.sz	
161702.sz	
161703.sz	
161704.sz	
161706.sz	
161707.sz	
161708.sz	
161709.sz	
161710.sz	
161711.sz	
161712.sz	
161801.sz	
161802.sz	
161803.sz	
161804.sz	
161806.sz	
161807.sz	
161808.sz	
161809.sz	
161901.sz	
161902.sz	
161903.sz	
161905.sz	
161906.sz	
162001.sz	
162002.sz	
162003.sz	
162004.sz	
162005.sz	
162006.sz	
162007.sz	
162008.sz	
162009.sz	
162101.sz	
162102.sz	
162103.sz	
162201.sz	
162202.sz	
162203.sz	
162204.sz	
162205.sz	
162206.sz	
162207.sz	
162208.sz	
162209.sz	
162401.sz	
162402.sz	
162403.sz	
162404.sz	
162405.sz	
162406.sz	
162408.sz	
162409.sz	
162410.sz	
162501.sz	
162502.sz	
162503.sz	
162504.sz	
162505.sz	
162506.sz	
162507.sz	
162508.sz	
162601.sz	
162602.sz	
162603.sz	
162604.sz	
162605.sz	
162607.sz	
162608.sz	
162609.sz	
162610.sz	
162611.sz	
162701.sz	
162702.sz	
162703.sz	
162705.sz	
162706.sz	
162707.sz	
162708.sz	
162709.sz	
162710.sz	
162901.sz	
162902.sz	
162903.sz	
162904.sz	
162905.sz	
162906.sz	
163101.sz	
163102.sz	
163103.sz	
163104.sz	
163105.sz	
163106.sz	
163107.sz	
163108.sz	
163201.sz	
163203.sz	
163205.sz	
163206.sz	
163207.sz	
163301.sz	
163302.sz	
163401.sz	
163402.sz	
163403.sz	
163404.sz	
163405.sz	
163501.sz	
163502.sz	
163503.sz	
163504.sz	
163505.sz	
163506.sz	
163601.sz	
163602.sz	
163603.sz	
163604.sz	
163605.sz	
163606.sz	
163607.sz	
163701.sz	
163702.sz	
163703.sz	
163704.sz	
163705.sz	
163801.sz	
163803.sz	
163804.sz	
163805.sz	
163806.sz	
163807.sz	
163901.sz	
163902.sz	
163903.sz	
163904.sz	
163905.sz	
164001.sz	
164003.sz	
164004.sz	
164005.sz	
164101.sz	
164103.sz	
164104.sz	
164201.sz	
164202.sz	
164203.sz	
164204.sz	
164501.sz	
164502.sz	
164503.sz	
164504.sz	
164505.sz	
164506.sz	
164507.sz	
164601.sz	
164602.sz	
164603.sz	
164604.sz	
164605.sz	
164801.sz	
164803.sz	
164804.sz	
165301.sz	
165303.sz	
165304.sz	
165305.sz	
165306.sz	
165307.sz	
165308.sz	
165401.sz	
165402.sz	
165403.sz	
165404.sz	
165405.sz	
165406.sz	
165501.sz	
165502.sz	
165503.sz	
165504.sz	
165505.sz	
165506.sz	
165507.sz	
165701.sz	
165702.sz	
165703.sz	
165801.sz	
165802.sz	
165803.sz	
165804.sz	
165805.sz	
166001.sz	
166002.sz	
166003.sz	
166004.sz	
166101.sz	
166102.sz	
166103.sz	
166104.sz	
166201.sz	
166202.sz	
166203.sz	
166601.sz	
166602.sz	
166603.sz	
166901.sz	
184688.sz	
184689.sz	
184690.sz	
184691.sz	
184692.sz	
184693.sz	
184698.sz	
184699.sz	
184701.sz	
184703.sz	
184705.sz	
184721.sz	
184722.sz	
184728.sz	
200002.sz	万科B
200011.sz	*ST物业B
200012.sz	南玻B
200016.sz	深康佳B
200017.sz	ST中华B
200018.sz	*ST中冠B
200019.sz	深深宝B
200020.sz	深华发B
200022.sz	深赤湾B
200024.sz	招商局B
200025.sz	深特力B
200026.sz	飞亚达B
200028.sz	一致B
200029.sz	深深房B
200030.sz	*ST盛润B
200037.sz	深南电B
200039.sz	中集B
200041.sz	*ST本实B
200045.sz	深纺织B
200053.sz	深基地B
200054.sz	建摩B
200055.sz	方大B
200056.sz	深国商B
200058.sz	深赛格B
200152.sz	山航B
200160.sz	ST帝贤B
200168.sz	*ST雷伊B
200413.sz	宝石B
200418.sz	小天鹅B
200429.sz	粤高速B
200468.sz	宁通信B
200488.sz	晨鸣B
200505.sz	*ST珠江B
200512.sz	闽灿坤B
200513.sz	丽珠B
200521.sz	皖美菱B
200530.sz	大冷B
200539.sz	粤电力B
200541.sz	粤照明B
200550.sz	江铃B
200553.sz	沙隆达B
200570.sz	苏常柴B
200581.sz	苏威孚B
200596.sz	古井贡B
200613.sz	ST东海B
200625.sz	长安B
200706.sz	瓦轴B
200725.sz	京东方B
200726.sz	鲁泰B
200761.sz	本钢板B
200770.sz	*ST武锅B
200771.sz	杭汽轮B
200869.sz	张裕B
200986.sz	粤华包B
200992.sz	中鲁B
362233.sz	
369999.sz	
395001.sz	
395002.sz	
395003.sz	
395011.sz	
395012.sz	
395013.sz	
395021.sz	
395022.sz	
395023.sz	
395031.sz	
395032.sz	
395041.sz	
395099.sz	
399001.sz	深证成份指数
399002.sz	深证成份A股指数
399003.sz	深证成份B股指数
399004.sz	深证100R
399005.sz	中小板100指数
399007.sz	深证300价格指数
399008.sz	中小板300P
399100.sz	新指数
399101.sz	中小板综
399106.sz	深证综合指数
399107.sz	深证综合A股指数
399108.sz	深证综合B股指数
399110.sz	农林牧渔指数
399120.sz	采掘业指数
399130.sz	制造业指数
399131.sz	食品饮料指数
399132.sz	纺织服装指数
399133.sz	木材家具指数
399134.sz	造纸印刷指数
399135.sz	石化塑胶指数
399136.sz	电子指数
399137.sz	金属非金属指数
399138.sz	机械设备指数
399139.sz	医药生物指数
399140.sz	水电煤气指数
399150.sz	建筑业指数
399160.sz	运输仓储指数
399170.sz	信息技术指数
399180.sz	批发零售指数
399190.sz	金融保险指数
399200.sz	房地产业指数
399210.sz	社会服务指数
399220.sz	传播文化指数
399230.sz	综合类指数
399300.sz	沪深300
399305.sz	深证基金指数
399310.sz	巨潮40
399311.sz	巨潮1000
399312.sz	巨潮300
399313.sz	巨潮100
399314.sz	巨潮大盘
399315.sz	巨潮中盘
399316.sz	巨潮小盘
399317.sz	巨潮A指
399318.sz	巨潮B指
399319.sz	资源优势
399320.sz	公用事业
399321.sz	巨潮红利
399322.sz	巨潮治理指数
399323.sz	深证红利
399324.sz	深红利P
399325.sz	深证成长
399326.sz	深成长P
399327.sz	深证治理
399328.sz	深治理P
399329.sz	中小板100指数P
399330.sz	深证100P
399331.sz	深证创新
399332.sz	深创新P
399333.sz	中小板100指数R
399334.sz	深证央企指数
399335.sz	深证央企P
399336.sz	深证民营指数
399337.sz	深证民营P
399338.sz	深证科技指数
399339.sz	深证科技P
399340.sz	深证社会责任
399341.sz	深证责任P
399344.sz	深证300指数
399345.sz	深证300成长指数
399346.sz	深证300成长价格指数
399347.sz	深证300价值指数
399348.sz	深证300价值价格指数
399351.sz	深圳报业指数
399352.sz	深报综指
399353.sz	盐田港指
399355.sz	CBN长江
399356.sz	CBN珠江
399357.sz	CBN渤海
399358.sz	泰达指数
399359.sz	巨潮基建指数
399360.sz	巨潮装备指数
399361.sz	巨潮商业连锁
399362.sz	巨潮民营指数
399363.sz	巨潮科技指数
399364.sz	中金龙头消费
399365.sz	巨潮农业综合企业指数 
399366.sz	巨潮大宗商品生产商指数
399367.sz	巨潮地产指数
399368.sz	巨潮航天军工指数
399369.sz	巨潮-CBN-兴业企业社会责任指数
399370.sz	巨潮成长指数
399371.sz	巨潮价值指数
399372.sz	巨潮大盘成长
399373.sz	巨潮大盘价值
399374.sz	巨潮中盘成长
399375.sz	巨潮中盘价值
399376.sz	巨潮小盘成长
399377.sz	巨潮小盘价值
399481.sz	企债指数
399601.sz	中小板300R
399901.sz	小康指数
399902.sz	中证流通
399903.sz	中证100
399904.sz	中证200
399905.sz	中证500
399906.sz	中证800
399907.sz	中证700
399908.sz	沪深300能源
399909.sz	沪深300材料
399910.sz	沪深300工业
399911.sz	沪深300可选
399912.sz	沪深300消费
399913.sz	沪深300医药
399914.sz	沪深300金融
399915.sz	沪深300信息
399916.sz	沪深300电信
399917.sz	沪深300公用
399918.sz	沪深300成长
399919.sz	沪深300价值
399920.sz	沪深300R成长
399921.sz	沪深300R价值
399922.sz	中证红利
399923.sz	中证公司债指数
399924.sz	中证分离债指数
399925.sz	基本面50
399926.sz	中证央企
399927.sz	央企100
399928.sz	中证能源
399929.sz	中证材料
399930.sz	中证工业
399931.sz	中证可选
399932.sz	中证消费
399933.sz	中证医药
399934.sz	中证金融
399935.sz	中证信息
399936.sz	中证电信
399937.sz	中证公用
399938.sz	中证民营企业综合指数
399939.sz	中证民营企业200指数
399940.sz	中证财富大盘指数
399941.sz	中证内地新能源主题指数
399942.sz	中证内地消费主题指数
399943.sz	中证内地基建主题指数
399944.sz	中证内地资源主题指数
399945.sz	中证内地运输主题指数
399946.sz	中证内地金融主题指数
399947.sz	中证内地银行主题指数
399948.sz	中证内地地产主题指数
399949.sz	中证内地农业主题指数 
399950.sz	沪深300基建主题指数
399951.sz	沪深300银行指数
399952.sz	沪深300地产指数 
399953.sz	中证地方国有企业综合指数
399954.sz	中证地方国有企业100指数
399955.sz	中证国有企业综合指数
399956.sz	中证国有企业200指数
399957.sz	沪深300运输指数
399958.sz	中证创业成长指数
399960.sz	中证龙头企业指数
400001.sz	
400002.sz	
400005.sz	
400006.sz	
400007.sz	
400008.sz	
400009.sz	
400010.sz	
400011.sz	
400012.sz	
400013.sz	
400016.sz	
400017.sz	
400018.sz	
400019.sz	
400020.sz	
400021.sz	
400022.sz	
400023.sz	
400025.sz	
400026.sz	
400027.sz	
400028.sz	
400029.sz	
400030.sz	
400031.sz	
400032.sz	
400033.sz	
400035.sz	
400036.sz	
400037.sz	
400038.sz	
400039.sz	
400040.sz	
400041.sz	
400042.sz	
400043.sz	
400044.sz	
400045.sz	
400046.sz	
400048.sz	
400049.sz	
400050.sz	
400051.sz	
400052.sz	
400053.sz	
400054.sz	
400055.sz	
400056.sz	
400057.sz	
420008.sz	
420011.sz	
420016.sz	
420032.sz	
420047.sz	
430001.sz	
430002.sz	
430003.sz	
430004.sz	
430005.sz	
430006.sz	
430007.sz	
430008.sz	
430009.sz	
430010.sz	
430011.sz	
430012.sz	
430013.sz	
430014.sz	
430015.sz	
430016.sz	
430017.sz	
430018.sz	
430019.sz	
430020.sz	
430021.sz	
430022.sz	
430023.sz	
430024.sz	
430025.sz	
430026.sz	
430027.sz	
430028.sz	
430029.sz	
430030.sz	
430031.sz	
430032.sz	
430033.sz	
430034.sz	
430035.sz	
430036.sz	
430037.sz	
430038.sz	
430039.sz	
430040.sz	
430041.sz	
430042.sz	
430043.sz	
430044.sz	
430045.sz	
430046.sz	
430047.sz	
430048.sz	
430049.sz	
430050.sz	
430051.sz	
430052.sz	
430053.sz	
430054.sz	
430055.sz	
430056.sz	
430057.sz	
430058.sz	
